task,family,n_attn,n_layers,attention_ratio,placement,d_model,seq_len,condition,metric,mean,ci_low,ci_high,chance,normalized,n_seeds,lr,experiment_ids
mqar,attention,4,4,1.0,block_end,64,32,"L=32, num_pairs=2, key_vocab=64, value_vocab=64",exact_match,1.0,1.0,1.0,0.0,1.0,1,0.003,mqar_attn_a4of4_block_end_d64_L32_lr3e-3_s0_226bb60d
mqar,gdn,0,4,0.0,block_end,64,32,"L=32, num_pairs=2, key_vocab=64, value_vocab=64",exact_match,1.0,1.0,1.0,0.0,1.0,1,0.003,mqar_gdn_a0of4_block_end_d64_L32_lr3e-3_s0_5318fa66
mqar,gdn,2,4,0.5,block_end,64,32,"L=32, num_pairs=2, key_vocab=64, value_vocab=64",exact_match,1.0,1.0,1.0,0.0,1.0,1,0.003,mqar_gdn_a2of4_block_end_d64_L32_lr3e-3_s0_10f08627
mqar,mamba2,0,4,0.0,block_end,64,32,"L=32, num_pairs=2, key_vocab=64, value_vocab=64",exact_match,0.55859375,0.513671875,0.6015625,0.0,0.55859375,1,0.003,mqar_mamba2_a0of4_block_end_d64_L32_lr3e-3_s0_f158e310
mqar,mamba2,2,4,0.5,block_end,64,32,"L=32, num_pairs=2, key_vocab=64, value_vocab=64",exact_match,0.99609375,0.990234375,1.0,0.0,0.99609375,1,0.003,mqar_mamba2_a2of4_block_end_d64_L32_lr3e-3_s0_b34a354c
mqar,attention,4,4,1.0,block_end,64,32,"L=32, num_pairs=2, key_vocab=64, value_vocab=64",token_accuracy,1.0,1.0,1.0,0.015625,1.0,1,0.003,mqar_attn_a4of4_block_end_d64_L32_lr3e-3_s0_226bb60d
mqar,gdn,0,4,0.0,block_end,64,32,"L=32, num_pairs=2, key_vocab=64, value_vocab=64",token_accuracy,1.0,1.0,1.0,0.015625,1.0,1,0.003,mqar_gdn_a0of4_block_end_d64_L32_lr3e-3_s0_5318fa66
mqar,gdn,2,4,0.5,block_end,64,32,"L=32, num_pairs=2, key_vocab=64, value_vocab=64",token_accuracy,1.0,1.0,1.0,0.015625,1.0,1,0.003,mqar_gdn_a2of4_block_end_d64_L32_lr3e-3_s0_10f08627
mqar,mamba2,0,4,0.0,block_end,64,32,"L=32, num_pairs=2, key_vocab=64, value_vocab=64",token_accuracy,0.751953125,0.7255859375,0.77734375,0.015625,0.748015873015873,1,0.003,mqar_mamba2_a0of4_block_end_d64_L32_lr3e-3_s0_f158e310
mqar,mamba2,2,4,0.5,block_end,64,32,"L=32, num_pairs=2, key_vocab=64, value_vocab=64",token_accuracy,0.998046875,0.9951171875,1.0,0.015625,0.998015873015873,1,0.003,mqar_mamba2_a2of4_block_end_d64_L32_lr3e-3_s0_b34a354c
mqar,attention,4,4,1.0,block_end,64,32,"L=32, num_pairs=4, key_vocab=64, value_vocab=64",exact_match,1.0,1.0,1.0,0.0,1.0,1,0.003,mqar_attn_a4of4_block_end_d64_L32_lr3e-3_s0_226bb60d
mqar,gdn,0,4,0.0,block_end,64,32,"L=32, num_pairs=4, key_vocab=64, value_vocab=64",exact_match,1.0,1.0,1.0,0.0,1.0,1,0.003,mqar_gdn_a0of4_block_end_d64_L32_lr3e-3_s0_5318fa66
mqar,gdn,2,4,0.5,block_end,64,32,"L=32, num_pairs=4, key_vocab=64, value_vocab=64",exact_match,1.0,1.0,1.0,0.0,1.0,1,0.003,mqar_gdn_a2of4_block_end_d64_L32_lr3e-3_s0_10f08627
mqar,mamba2,0,4,0.0,block_end,64,32,"L=32, num_pairs=4, key_vocab=64, value_vocab=64",exact_match,0.00390625,0.0,0.009765625,0.0,0.00390625,1,0.003,mqar_mamba2_a0of4_block_end_d64_L32_lr3e-3_s0_f158e310
mqar,mamba2,2,4,0.5,block_end,64,32,"L=32, num_pairs=4, key_vocab=64, value_vocab=64",exact_match,0.962890625,0.9453125,0.978515625,0.0,0.962890625,1,0.003,mqar_mamba2_a2of4_block_end_d64_L32_lr3e-3_s0_b34a354c
mqar,attention,4,4,1.0,block_end,64,32,"L=32, num_pairs=4, key_vocab=64, value_vocab=64",token_accuracy,1.0,1.0,1.0,0.015625,1.0,1,0.003,mqar_attn_a4of4_block_end_d64_L32_lr3e-3_s0_226bb60d
mqar,gdn,0,4,0.0,block_end,64,32,"L=32, num_pairs=4, key_vocab=64, value_vocab=64",token_accuracy,1.0,1.0,1.0,0.015625,1.0,1,0.003,mqar_gdn_a0of4_block_end_d64_L32_lr3e-3_s0_5318fa66
mqar,gdn,2,4,0.5,block_end,64,32,"L=32, num_pairs=4, key_vocab=64, value_vocab=64",token_accuracy,1.0,1.0,1.0,0.015625,1.0,1,0.003,mqar_gdn_a2of4_block_end_d64_L32_lr3e-3_s0_10f08627
mqar,mamba2,0,4,0.0,block_end,64,32,"L=32, num_pairs=4, key_vocab=64, value_vocab=64",token_accuracy,0.46240234375,0.44873046875,0.47705078125,0.015625,0.4538690476190476,1,0.003,mqar_mamba2_a0of4_block_end_d64_L32_lr3e-3_s0_f158e310
mqar,mamba2,2,4,0.5,block_end,64,32,"L=32, num_pairs=4, key_vocab=64, value_vocab=64",token_accuracy,0.98974609375,0.98486328125,0.994140625,0.015625,0.9895833333333334,1,0.003,mqar_mamba2_a2of4_block_end_d64_L32_lr3e-3_s0_b34a354c
mqar,attention,4,4,1.0,block_end,64,32,"L=32, num_pairs=6, key_vocab=64, value_vocab=64",exact_match,0.998046875,0.9921875,1.0,0.0,0.998046875,1,0.003,mqar_attn_a4of4_block_end_d64_L32_lr3e-3_s0_226bb60d
mqar,gdn,0,4,0.0,block_end,64,32,"L=32, num_pairs=6, key_vocab=64, value_vocab=64",exact_match,0.99609375,0.990234375,1.0,0.0,0.99609375,1,0.003,mqar_gdn_a0of4_block_end_d64_L32_lr3e-3_s0_5318fa66
mqar,gdn,2,4,0.5,block_end,64,32,"L=32, num_pairs=6, key_vocab=64, value_vocab=64",exact_match,1.0,1.0,1.0,0.0,1.0,1,0.003,mqar_gdn_a2of4_block_end_d64_L32_lr3e-3_s0_10f08627
mqar,mamba2,0,4,0.0,block_end,64,32,"L=32, num_pairs=6, key_vocab=64, value_vocab=64",exact_match,0.0,0.0,0.0,0.0,0.0,1,0.003,mqar_mamba2_a0of4_block_end_d64_L32_lr3e-3_s0_f158e310
mqar,mamba2,2,4,0.5,block_end,64,32,"L=32, num_pairs=6, key_vocab=64, value_vocab=64",exact_match,0.919921875,0.89453125,0.9414550781249997,0.0,0.919921875,1,0.003,mqar_mamba2_a2of4_block_end_d64_L32_lr3e-3_s0_b34a354c
mqar,attention,4,4,1.0,block_end,64,32,"L=32, num_pairs=6, key_vocab=64, value_vocab=64",token_accuracy,0.999674478515625,0.9986979140625,1.0,0.015625,0.9996693115079365,1,0.003,mqar_attn_a4of4_block_end_d64_L32_lr3e-3_s0_226bb60d
mqar,gdn,0,4,0.0,block_end,64,32,"L=32, num_pairs=6, key_vocab=64, value_vocab=64",token_accuracy,0.9993489570312499,0.9983723925781249,1.0,0.015625,0.999338623015873,1,0.003,mqar_gdn_a0of4_block_end_d64_L32_lr3e-3_s0_5318fa66
mqar,gdn,2,4,0.5,block_end,64,32,"L=32, num_pairs=6, key_vocab=64, value_vocab=64",token_accuracy,1.0,1.0,1.0,0.015625,1.0,1,0.003,mqar_gdn_a2of4_block_end_d64_L32_lr3e-3_s0_10f08627
mqar,mamba2,0,4,0.0,block_end,64,32,"L=32, num_pairs=6, key_vocab=64, value_vocab=64",token_accuracy,0.3258462265625,0.31509592626953126,0.3365884004882812,0.015625,0.31514537301587303,1,0.003,mqar_mamba2_a0of4_block_end_d64_L32_lr3e-3_s0_f158e310
mqar,mamba2,2,4,0.5,block_end,64,32,"L=32, num_pairs=6, key_vocab=64, value_vocab=64",token_accuracy,0.986653619140625,0.98242183984375,0.9902424935058594,0.015625,0.9864417718253968,1,0.003,mqar_mamba2_a2of4_block_end_d64_L32_lr3e-3_s0_b34a354c
mqar,attention,4,4,1.0,block_end,64,32,"L=32, num_pairs=8, key_vocab=64, value_vocab=64",exact_match,0.994140625,0.986328125,1.0,0.0,0.994140625,1,0.003,mqar_attn_a4of4_block_end_d64_L32_lr3e-3_s0_226bb60d
mqar,gdn,0,4,0.0,block_end,64,32,"L=32, num_pairs=8, key_vocab=64, value_vocab=64",exact_match,0.962890625,0.9453125,0.978515625,0.0,0.962890625,1,0.003,mqar_gdn_a0of4_block_end_d64_L32_lr3e-3_s0_5318fa66
mqar,gdn,2,4,0.5,block_end,64,32,"L=32, num_pairs=8, key_vocab=64, value_vocab=64",exact_match,1.0,1.0,1.0,0.0,1.0,1,0.003,mqar_gdn_a2of4_block_end_d64_L32_lr3e-3_s0_10f08627
mqar,mamba2,0,4,0.0,block_end,64,32,"L=32, num_pairs=8, key_vocab=64, value_vocab=64",exact_match,0.0,0.0,0.0,0.0,0.0,1,0.003,mqar_mamba2_a0of4_block_end_d64_L32_lr3e-3_s0_f158e310
mqar,mamba2,2,4,0.5,block_end,64,32,"L=32, num_pairs=8, key_vocab=64, value_vocab=64",exact_match,0.7890625,0.75390625,0.822265625,0.0,0.7890625,1,0.003,mqar_mamba2_a2of4_block_end_d64_L32_lr3e-3_s0_b34a354c
mqar,attention,4,4,1.0,block_end,64,32,"L=32, num_pairs=8, key_vocab=64, value_vocab=64",token_accuracy,0.999267578125,0.998291015625,1.0,0.015625,0.9992559523809523,1,0.003,mqar_attn_a4of4_block_end_d64_L32_lr3e-3_s0_226bb60d
mqar,gdn,0,4,0.0,block_end,64,32,"L=32, num_pairs=8, key_vocab=64, value_vocab=64",token_accuracy,0.995361328125,0.9931640625,0.997314453125,0.015625,0.9952876984126984,1,0.003,mqar_gdn_a0of4_block_end_d64_L32_lr3e-3_s0_5318fa66
mqar,gdn,2,4,0.5,block_end,64,32,"L=32, num_pairs=8, key_vocab=64, value_vocab=64",token_accuracy,1.0,1.0,1.0,0.015625,1.0,1,0.003,mqar_gdn_a2of4_block_end_d64_L32_lr3e-3_s0_10f08627
mqar,mamba2,0,4,0.0,block_end,64,32,"L=32, num_pairs=8, key_vocab=64, value_vocab=64",token_accuracy,0.26416015625,0.255609130859375,0.27319946289062497,0.015625,0.2524801587301587,1,0.003,mqar_mamba2_a0of4_block_end_d64_L32_lr3e-3_s0_f158e310
mqar,mamba2,2,4,0.5,block_end,64,32,"L=32, num_pairs=8, key_vocab=64, value_vocab=64",token_accuracy,0.97265625,0.968017578125,0.97705078125,0.015625,0.9722222222222222,1,0.003,mqar_mamba2_a2of4_block_end_d64_L32_lr3e-3_s0_b34a354c
