task,family,n_attn,n_layers,attention_ratio,placement,d_model,seq_len,condition,metric,mean,ci_low,ci_high,chance,normalized,n_seeds,lr_at_grid_edge,lr,experiment_ids
state,attention,4,4,1.0,block_end,64,128,"L=128, group=parity",exact_match,0.0,0.0,0.0,0.0,0.0,1,True,0.001,state_attn_a4of4_block_end_d64_L64_lr1e-3_s0_faa6d8fc
state,gdn,0,4,0.0,block_end,64,128,"L=128, group=parity",exact_match,0.0078125,0.0,0.01953125,0.0,0.0078125,1,False,0.003,state_gdn_a0of4_block_end_d64_L64_lr3e-3_s0_ba2ccc9c
state,gdn,2,4,0.5,block_end,64,128,"L=128, group=parity",exact_match,0.0,0.0,0.0,0.0,0.0,1,False,0.003,state_gdn_a2of4_block_end_d64_L64_lr3e-3_s0_a164fe04
state,gdn_neg,0,4,0.0,block_end,64,128,"L=128, group=parity",exact_match,1.0,1.0,1.0,0.0,1.0,1,False,0.003,state_gdn_neg_a0of4_block_end_d64_L64_lr3e-3_s0_220cb445
state,gdn_neg,2,4,0.5,block_end,64,128,"L=128, group=parity",exact_match,1.0,1.0,1.0,0.0,1.0,1,False,0.01,state_gdn_neg_a2of4_block_end_d64_L64_lr1e-2_s0_f9e369f8
state,mamba2,0,4,0.0,block_end,64,128,"L=128, group=parity",exact_match,0.0546875,0.03125,0.0859375,0.0,0.0546875,1,True,0.001,state_mamba2_a0of4_block_end_d64_L64_lr1e-3_s0_a162cfae
state,mamba2,2,4,0.5,block_end,64,128,"L=128, group=parity",exact_match,0.0,0.0,0.0,0.0,0.0,1,True,0.001,state_mamba2_a2of4_block_end_d64_L64_lr1e-3_s0_9846981e
state,attention,4,4,1.0,block_end,64,128,"L=128, group=parity",first_error,13.828125,13.828125,13.828125,,,1,True,0.001,state_attn_a4of4_block_end_d64_L64_lr1e-3_s0_faa6d8fc
state,gdn,0,4,0.0,block_end,64,128,"L=128, group=parity",first_error,77.234375,77.234375,77.234375,,,1,False,0.003,state_gdn_a0of4_block_end_d64_L64_lr3e-3_s0_ba2ccc9c
state,gdn,2,4,0.5,block_end,64,128,"L=128, group=parity",first_error,74.75390625,74.75390625,74.75390625,,,1,False,0.003,state_gdn_a2of4_block_end_d64_L64_lr3e-3_s0_a164fe04
state,gdn_neg,0,4,0.0,block_end,64,128,"L=128, group=parity",first_error,128.0,128.0,128.0,,,1,False,0.003,state_gdn_neg_a0of4_block_end_d64_L64_lr3e-3_s0_220cb445
state,gdn_neg,2,4,0.5,block_end,64,128,"L=128, group=parity",first_error,128.0,128.0,128.0,,,1,False,0.01,state_gdn_neg_a2of4_block_end_d64_L64_lr1e-2_s0_f9e369f8
state,mamba2,0,4,0.0,block_end,64,128,"L=128, group=parity",first_error,92.22265625,92.22265625,92.22265625,,,1,True,0.001,state_mamba2_a0of4_block_end_d64_L64_lr1e-3_s0_a162cfae
state,mamba2,2,4,0.5,block_end,64,128,"L=128, group=parity",first_error,38.38671875,38.38671875,38.38671875,,,1,True,0.001,state_mamba2_a2of4_block_end_d64_L64_lr1e-3_s0_9846981e
state,attention,4,4,1.0,block_end,64,128,"L=128, group=parity",token_accuracy,0.55487064453125,0.5497726963867188,0.5599670863281249,0.5,0.10974128906250002,1,True,0.001,state_attn_a4of4_block_end_d64_L64_lr1e-3_s0_faa6d8fc
state,gdn,0,4,0.0,block_end,64,128,"L=128, group=parity",token_accuracy,0.7879943984375,0.779082511328125,0.797303028515625,0.5,0.5759887968749999,1,False,0.003,state_gdn_a0of4_block_end_d64_L64_lr3e-3_s0_ba2ccc9c
state,gdn,2,4,0.5,block_end,64,128,"L=128, group=parity",token_accuracy,0.79162598046875,0.7842704749023438,0.7983711415039062,0.5,0.5832519609375,1,False,0.003,state_gdn_a2of4_block_end_d64_L64_lr3e-3_s0_a164fe04
state,gdn_neg,0,4,0.0,block_end,64,128,"L=128, group=parity",token_accuracy,1.0,1.0,1.0,0.5,1.0,1,False,0.003,state_gdn_neg_a0of4_block_end_d64_L64_lr3e-3_s0_220cb445
state,gdn_neg,2,4,0.5,block_end,64,128,"L=128, group=parity",token_accuracy,1.0,1.0,1.0,0.5,1.0,1,False,0.01,state_gdn_neg_a2of4_block_end_d64_L64_lr1e-2_s0_f9e369f8
state,mamba2,0,4,0.0,block_end,64,128,"L=128, group=parity",token_accuracy,0.85437010546875,0.8449081229492188,0.863159965234375,0.5,0.7087402109375001,1,True,0.001,state_mamba2_a0of4_block_end_d64_L64_lr1e-3_s0_a162cfae
state,mamba2,2,4,0.5,block_end,64,128,"L=128, group=parity",token_accuracy,0.6488952578125,0.6430954078125,0.654724865234375,0.5,0.29779051562500003,1,True,0.001,state_mamba2_a2of4_block_end_d64_L64_lr1e-3_s0_9846981e
state,attention,4,4,1.0,block_end,64,256,"L=256, group=parity",exact_match,0.0,0.0,0.0,0.0,0.0,1,True,0.001,state_attn_a4of4_block_end_d64_L64_lr1e-3_s0_faa6d8fc
state,gdn,0,4,0.0,block_end,64,256,"L=256, group=parity",exact_match,0.0,0.0,0.0,0.0,0.0,1,False,0.003,state_gdn_a0of4_block_end_d64_L64_lr3e-3_s0_ba2ccc9c
state,gdn,2,4,0.5,block_end,64,256,"L=256, group=parity",exact_match,0.0,0.0,0.0,0.0,0.0,1,False,0.003,state_gdn_a2of4_block_end_d64_L64_lr3e-3_s0_a164fe04
state,gdn_neg,0,4,0.0,block_end,64,256,"L=256, group=parity",exact_match,0.99609375,0.98828125,1.0,0.0,0.99609375,1,False,0.003,state_gdn_neg_a0of4_block_end_d64_L64_lr3e-3_s0_220cb445
state,gdn_neg,2,4,0.5,block_end,64,256,"L=256, group=parity",exact_match,1.0,1.0,1.0,0.0,1.0,1,False,0.01,state_gdn_neg_a2of4_block_end_d64_L64_lr1e-2_s0_f9e369f8
state,mamba2,0,4,0.0,block_end,64,256,"L=256, group=parity",exact_match,0.0,0.0,0.0,0.0,0.0,1,True,0.001,state_mamba2_a0of4_block_end_d64_L64_lr1e-3_s0_a162cfae
state,mamba2,2,4,0.5,block_end,64,256,"L=256, group=parity",exact_match,0.0,0.0,0.0,0.0,0.0,1,True,0.001,state_mamba2_a2of4_block_end_d64_L64_lr1e-3_s0_9846981e
state,attention,4,4,1.0,block_end,64,256,"L=256, group=parity",first_error,12.640625,12.640625,12.640625,,,1,True,0.001,state_attn_a4of4_block_end_d64_L64_lr1e-3_s0_faa6d8fc
state,gdn,0,4,0.0,block_end,64,256,"L=256, group=parity",first_error,76.625,76.625,76.625,,,1,False,0.003,state_gdn_a0of4_block_end_d64_L64_lr3e-3_s0_ba2ccc9c
state,gdn,2,4,0.5,block_end,64,256,"L=256, group=parity",first_error,74.40234375,74.40234375,74.40234375,,,1,False,0.003,state_gdn_a2of4_block_end_d64_L64_lr3e-3_s0_a164fe04
state,gdn_neg,0,4,0.0,block_end,64,256,"L=256, group=parity",first_error,255.75390625,255.75390625,255.75390625,,,1,False,0.003,state_gdn_neg_a0of4_block_end_d64_L64_lr3e-3_s0_220cb445
state,gdn_neg,2,4,0.5,block_end,64,256,"L=256, group=parity",first_error,256.0,256.0,256.0,,,1,False,0.01,state_gdn_neg_a2of4_block_end_d64_L64_lr1e-2_s0_f9e369f8
state,mamba2,0,4,0.0,block_end,64,256,"L=256, group=parity",first_error,94.2421875,94.2421875,94.2421875,,,1,True,0.001,state_mamba2_a0of4_block_end_d64_L64_lr1e-3_s0_a162cfae
state,mamba2,2,4,0.5,block_end,64,256,"L=256, group=parity",first_error,38.18359375,38.18359375,38.18359375,,,1,True,0.001,state_mamba2_a2of4_block_end_d64_L64_lr1e-3_s0_9846981e
state,attention,4,4,1.0,block_end,64,256,"L=256, group=parity",token_accuracy,0.5263519648437499,0.5223232434570313,0.5303196197265624,0.5,0.05270392968749982,1,True,0.001,state_attn_a4of4_block_end_d64_L64_lr1e-3_s0_faa6d8fc
state,gdn,0,4,0.0,block_end,64,256,"L=256, group=parity",token_accuracy,0.64399719140625,0.6384422103515625,0.6497653811523438,0.5,0.2879943828125,1,False,0.003,state_gdn_a0of4_block_end_d64_L64_lr3e-3_s0_ba2ccc9c
state,gdn,2,4,0.5,block_end,64,256,"L=256, group=parity",token_accuracy,0.6422577031250001,0.63796998046875,0.6464393604492189,0.5,0.28451540625000016,1,False,0.003,state_gdn_a2of4_block_end_d64_L64_lr3e-3_s0_a164fe04
state,gdn_neg,0,4,0.0,block_end,64,256,"L=256, group=parity",token_accuracy,0.99951171875,0.99853515625,1.0,0.5,0.9990234375,1,False,0.003,state_gdn_neg_a0of4_block_end_d64_L64_lr3e-3_s0_220cb445
state,gdn_neg,2,4,0.5,block_end,64,256,"L=256, group=parity",token_accuracy,1.0,1.0,1.0,0.5,1.0,1,False,0.01,state_gdn_neg_a2of4_block_end_d64_L64_lr1e-2_s0_f9e369f8
state,mamba2,0,4,0.0,block_end,64,256,"L=256, group=parity",token_accuracy,0.68087767578125,0.6755676170898438,0.6862792782226563,0.5,0.36175535156250005,1,True,0.001,state_mamba2_a0of4_block_end_d64_L64_lr1e-3_s0_a162cfae
state,mamba2,2,4,0.5,block_end,64,256,"L=256, group=parity",token_accuracy,0.57356262890625,0.5695495776367188,0.577651973046875,0.5,0.14712525781249997,1,True,0.001,state_mamba2_a2of4_block_end_d64_L64_lr1e-3_s0_9846981e
state,attention,4,4,1.0,block_end,64,64,"L=64, group=parity",exact_match,0.0,0.0,0.0,0.0,0.0,1,True,0.001,state_attn_a4of4_block_end_d64_L64_lr1e-3_s0_faa6d8fc
state,gdn,0,4,0.0,block_end,64,64,"L=64, group=parity",exact_match,0.76953125,0.71875,0.8203125,0.0,0.76953125,1,False,0.003,state_gdn_a0of4_block_end_d64_L64_lr3e-3_s0_ba2ccc9c
state,gdn,2,4,0.5,block_end,64,64,"L=64, group=parity",exact_match,0.83984375,0.7890625,0.8829101562499995,0.0,0.83984375,1,False,0.003,state_gdn_a2of4_block_end_d64_L64_lr3e-3_s0_a164fe04
state,gdn_neg,0,4,0.0,block_end,64,64,"L=64, group=parity",exact_match,1.0,1.0,1.0,0.0,1.0,1,False,0.003,state_gdn_neg_a0of4_block_end_d64_L64_lr3e-3_s0_220cb445
state,gdn_neg,2,4,0.5,block_end,64,64,"L=64, group=parity",exact_match,1.0,1.0,1.0,0.0,1.0,1,False,0.01,state_gdn_neg_a2of4_block_end_d64_L64_lr1e-2_s0_f9e369f8
state,mamba2,0,4,0.0,block_end,64,64,"L=64, group=parity",exact_match,0.9453125,0.9140625,0.96875,0.0,0.9453125,1,True,0.001,state_mamba2_a0of4_block_end_d64_L64_lr1e-3_s0_a162cfae
state,mamba2,2,4,0.5,block_end,64,64,"L=64, group=parity",exact_match,0.0,0.0,0.0,0.0,0.0,1,True,0.001,state_mamba2_a2of4_block_end_d64_L64_lr1e-3_s0_9846981e
state,attention,4,4,1.0,block_end,64,64,"L=64, group=parity",first_error,12.01171875,12.01171875,12.01171875,,,1,True,0.001,state_attn_a4of4_block_end_d64_L64_lr1e-3_s0_faa6d8fc
state,gdn,0,4,0.0,block_end,64,64,"L=64, group=parity",first_error,62.09765625,62.09765625,62.09765625,,,1,False,0.003,state_gdn_a0of4_block_end_d64_L64_lr3e-3_s0_ba2ccc9c
state,gdn,2,4,0.5,block_end,64,64,"L=64, group=parity",first_error,62.9765625,62.9765625,62.9765625,,,1,False,0.003,state_gdn_a2of4_block_end_d64_L64_lr3e-3_s0_a164fe04
state,gdn_neg,0,4,0.0,block_end,64,64,"L=64, group=parity",first_error,64.0,64.0,64.0,,,1,False,0.003,state_gdn_neg_a0of4_block_end_d64_L64_lr3e-3_s0_220cb445
state,gdn_neg,2,4,0.5,block_end,64,64,"L=64, group=parity",first_error,64.0,64.0,64.0,,,1,False,0.01,state_gdn_neg_a2of4_block_end_d64_L64_lr1e-2_s0_f9e369f8
state,mamba2,0,4,0.0,block_end,64,64,"L=64, group=parity",first_error,63.66015625,63.66015625,63.66015625,,,1,True,0.001,state_mamba2_a0of4_block_end_d64_L64_lr1e-3_s0_a162cfae
state,mamba2,2,4,0.5,block_end,64,64,"L=64, group=parity",first_error,37.6875,37.6875,37.6875,,,1,True,0.001,state_mamba2_a2of4_block_end_d64_L64_lr1e-3_s0_9846981e
state,attention,4,4,1.0,block_end,64,64,"L=64, group=parity",token_accuracy,0.6085205078125,0.6003997802734375,0.6162124633789062,0.5,0.217041015625,1,True,0.001,state_attn_a4of4_block_end_d64_L64_lr1e-3_s0_faa6d8fc
state,gdn,0,4,0.0,block_end,64,64,"L=64, group=parity",token_accuracy,0.98101806640625,0.97552490234375,0.9859024047851562,0.5,0.9620361328125,1,False,0.003,state_gdn_a0of4_block_end_d64_L64_lr3e-3_s0_ba2ccc9c
state,gdn,2,4,0.5,block_end,64,64,"L=64, group=parity",token_accuracy,0.9913330078125,0.98809814453125,0.99432373046875,0.5,0.982666015625,1,False,0.003,state_gdn_a2of4_block_end_d64_L64_lr3e-3_s0_a164fe04
state,gdn_neg,0,4,0.0,block_end,64,64,"L=64, group=parity",token_accuracy,1.0,1.0,1.0,0.5,1.0,1,False,0.003,state_gdn_neg_a0of4_block_end_d64_L64_lr3e-3_s0_220cb445
state,gdn_neg,2,4,0.5,block_end,64,64,"L=64, group=parity",token_accuracy,1.0,1.0,1.0,0.5,1.0,1,False,0.01,state_gdn_neg_a2of4_block_end_d64_L64_lr1e-2_s0_f9e369f8
state,mamba2,0,4,0.0,block_end,64,64,"L=64, group=parity",token_accuracy,0.996826171875,0.99462890625,0.99859619140625,0.5,0.99365234375,1,True,0.001,state_mamba2_a0of4_block_end_d64_L64_lr1e-3_s0_a162cfae
state,mamba2,2,4,0.5,block_end,64,64,"L=64, group=parity",token_accuracy,0.79034423828125,0.782958984375,0.7972442626953125,0.5,0.5806884765625,1,True,0.001,state_mamba2_a2of4_block_end_d64_L64_lr1e-3_s0_9846981e
