model_id,architecture_family,attention_ratio,attention_layers,non_attention_layers,total_layers,placement,layer_types,hidden_size,parameter_count,non_embedding_parameters,param_delta_vs_attention_only_pct,mixer_param_ratio_other_over_attention,recurrent_state_numel_per_layer,kv_cache_numel_at_seq_len,training_tokens,estimated_train_flops,seed
mamba2_a0of8_block_end_d64_v64,mamba2,0.0,0,8,8,block_end,SSSSSSSS,64,338328,334232,1.642,1.0417,1152,0,5120000,10267607040000,all
mamba2_a4of8_block_end_d64_v64,mamba2,0.5,4,4,8,block_end,SASASASA,64,335596,331500,0.821,1.0417,1152,40960,5120000,10183680000000,all
attn_a8of8_block_end_d64_v64,attention,1.0,8,0,8,block_end,AAAAAAAA,64,332864,328768,0.0,1.0,0,81920,5120000,10099752960000,all
gdn_a0of8_block_end_d64_v64,gdn,0.0,0,8,8,block_end,SSSSSSSS,64,342272,338176,2.826,1.0718,512,0,5120000,10388766720000,all
gdn_a4of8_block_end_d64_v64,gdn,0.5,4,4,8,block_end,SASASASA,64,337568,333472,1.413,1.0718,512,40960,5120000,10244259840000,all
mamba2_a0of8_block_end_d64_v272,mamba2,0.0,0,8,8,block_end,SSSSSSSS,64,351640,334232,1.578,1.0417,1152,0,12288000,24642256896000,all
mamba2_a4of8_block_end_d64_v272,mamba2,0.5,4,4,8,block_end,SASASASA,64,348908,331500,0.789,1.0417,1152,65536,12288000,24440832000000,all
attn_a8of8_block_end_d64_v272,attention,1.0,8,0,8,block_end,AAAAAAAA,64,346176,328768,0.0,1.0,0,131072,12288000,24239407104000,all
gdn_a0of8_block_end_d64_v272,gdn,0.0,0,8,8,block_end,SSSSSSSS,64,355584,338176,2.718,1.0718,512,0,12288000,24933040128000,all
gdn_a4of8_block_end_d64_v272,gdn,0.5,4,4,8,block_end,SASASASA,64,350880,333472,1.359,1.0718,512,65536,12288000,24586223616000,all
mamba2_a0of8_block_end_d64_v16,mamba2,0.0,0,8,8,block_end,SSSSSSSS,64,335256,334232,1.657,1.0417,1152,0,4096000,8214085632000,all
mamba2_a4of8_block_end_d64_v16,mamba2,0.5,4,4,8,block_end,SASASASA,64,332524,331500,0.828,1.0417,1152,131072,4096000,8146944000000,all
attn_a8of8_block_end_d64_v16,attention,1.0,8,0,8,block_end,AAAAAAAA,64,329792,328768,0.0,1.0,0,262144,4096000,8079802368000,all
gdn_a0of8_block_end_d64_v16,gdn,0.0,0,8,8,block_end,SSSSSSSS,64,339200,338176,2.853,1.0718,512,0,4096000,8311013376000,all
gdn_a4of8_block_end_d64_v16,gdn,0.5,4,4,8,block_end,SASASASA,64,334496,333472,1.426,1.0718,512,131072,4096000,8195407872000,all
gdn_neg_a0of8_block_end_d64_v16,gdn_neg,0.0,0,8,8,block_end,SSSSSSSS,64,339200,338176,2.853,1.0718,512,0,4096000,8311013376000,all
gdn_neg_a4of8_block_end_d64_v16,gdn_neg,0.5,4,4,8,block_end,SASASASA,64,334496,333472,1.426,1.0718,512,131072,4096000,8195407872000,all
