experiment_id,status,device,gpu_count,cpu_threads,wall_seconds,gpu_hours,estimated_cost_usd,tokens_processed,peak_memory_mb,precision
mqar_attn_a4of4_block_end_d64_L32_lr1e-3_s0_1916e94c,completed,cpu,0,2,231.05,0.0,0.0,6144000,732.3,fp32
mqar_attn_a4of4_block_end_d64_L32_lr3e-3_s0_226bb60d,completed,cpu,0,2,242.2,0.0,0.0,6144000,732.1,fp32
mqar_mamba2_a2of4_block_end_d64_L32_lr1e-3_s0_68fef0e5,completed,cpu,0,2,375.65,0.0,0.0,6144000,779.9,fp32
mqar_mamba2_a2of4_block_end_d64_L32_lr3e-3_s0_b34a354c,completed,cpu,0,2,383.37,0.0,0.0,6144000,780.3,fp32
mqar_gdn_a2of4_block_end_d64_L32_lr1e-3_s0_0d2138c4,completed,cpu,0,2,389.29,0.0,0.0,6144000,779.9,fp32
mqar_gdn_a2of4_block_end_d64_L32_lr3e-3_s0_10f08627,completed,cpu,0,2,390.33,0.0,0.0,6144000,780.3,fp32
mqar_mamba2_a0of4_block_end_d64_L32_lr1e-3_s0_0ee3f59a,completed,cpu,0,2,522.63,0.0,0.0,6144000,813.3,fp32
mqar_mamba2_a0of4_block_end_d64_L32_lr3e-3_s0_f158e310,completed,cpu,0,2,524.3,0.0,0.0,6144000,816.3,fp32
mqar_gdn_a0of4_block_end_d64_L32_lr1e-3_s0_839d49f7,completed,cpu,0,2,535.35,0.0,0.0,6144000,813.3,fp32
mqar_gdn_a0of4_block_end_d64_L32_lr3e-3_s0_5318fa66,completed,cpu,0,2,534.7,0.0,0.0,6144000,816.3,fp32
mqar_mamba2_a2of4_block_end_d64_L32_lr1e-2_s0_2614f2a6,completed,cpu,0,2,419.91,0.0,0.0,6144000,775.1,fp32
mqar_mamba2_a0of4_block_end_d64_L32_lr1e-2_s0_b857aee6,completed,cpu,0,2,532.55,0.0,0.0,6144000,808.6,fp32
mqar_attn_a4of4_block_end_d64_L32_lr1e-2_s0_c8d06ebd,completed,cpu,0,2,225.97,0.0,0.0,6144000,775.1,fp32
mqar_gdn_a2of4_block_end_d64_L32_lr1e-2_s0_ad679e82,completed,cpu,0,2,395.39,0.0,0.0,6144000,775.1,fp32
mqar_gdn_a0of4_block_end_d64_L32_lr1e-2_s0_ddcd301f,completed,cpu,0,2,535.25,0.0,0.0,6144000,808.6,fp32
mqar_mamba2_a0of4_block_end_d64_L32_lr2e-2_s0_2e6a981e,completed,cpu,0,2,527.54,0.0,0.0,6144000,812.8,fp32
mqar_mamba2_a0of4_block_end_d64_L32_lr3e-2_s0_ed8a8538,completed,cpu,0,2,534.27,0.0,0.0,6144000,813.3,fp32
state_attn_a4of4_block_end_d64_L64_lr3e-3_s0_39beb5db,completed,cpu,0,2,222.96,0.0,0.0,8192000,806.1,fp32
state_attn_a4of4_block_end_d64_L64_lr1e-3_s0_faa6d8fc,completed,cpu,0,2,224.56,0.0,0.0,8192000,807.9,fp32
state_attn_a4of4_block_end_d64_L64_lr1e-2_s0_07eaeea0,completed,cpu,0,2,255.27,0.0,0.0,8192000,813.6,fp32
state_attn_a4of4_block_end_d64_L64_lr3e-2_s0_9a0a0173,completed,cpu,0,2,269.56,0.0,0.0,8192000,808.6,fp32
state_mamba2_a2of4_block_end_d64_L64_lr1e-3_s0_9846981e,completed,cpu,0,2,388.12,0.0,0.0,8192000,934.9,fp32
state_mamba2_a2of4_block_end_d64_L64_lr3e-3_s0_df8c5c74,completed,cpu,0,2,396.0,0.0,0.0,8192000,939.4,fp32
state_mamba2_a2of4_block_end_d64_L64_lr1e-2_s0_4a989ac4,completed,cpu,0,2,415.35,0.0,0.0,8192000,934.9,fp32
state_mamba2_a2of4_block_end_d64_L64_lr3e-2_s0_b52620a9,completed,cpu,0,2,410.95,0.0,0.0,8192000,939.4,fp32
state_gdn_a2of4_block_end_d64_L64_lr1e-3_s0_d58fc504,completed,cpu,0,2,418.93,0.0,0.0,8192000,934.9,fp32
state_gdn_a2of4_block_end_d64_L64_lr3e-3_s0_a164fe04,completed,cpu,0,2,423.39,0.0,0.0,8192000,939.4,fp32
state_gdn_a2of4_block_end_d64_L64_lr1e-2_s0_d2b04cae,completed,cpu,0,2,466.65,0.0,0.0,8192000,934.9,fp32
state_gdn_a2of4_block_end_d64_L64_lr3e-2_s0_214d06f4,completed,cpu,0,2,447.3,0.0,0.0,8192000,939.4,fp32
state_gdn_neg_a2of4_block_end_d64_L64_lr1e-3_s0_4d62a5e0,completed,cpu,0,2,1169.12,0.0,0.0,8192000,934.9,fp32
state_gdn_neg_a2of4_block_end_d64_L64_lr3e-3_s0_968e38e4,completed,cpu,0,2,1173.15,0.0,0.0,8192000,939.4,fp32
state_gdn_neg_a2of4_block_end_d64_L64_lr3e-2_s0_b43461c2,completed,cpu,0,2,429.3,0.0,0.0,8192000,939.4,fp32
state_gdn_neg_a2of4_block_end_d64_L64_lr1e-2_s0_f9e369f8,completed,cpu,0,2,471.77,0.0,0.0,8192000,934.9,fp32
state_mamba2_a0of4_block_end_d64_L64_lr1e-3_s0_a162cfae,completed,cpu,0,2,568.26,0.0,0.0,8192000,982.3,fp32
state_mamba2_a0of4_block_end_d64_L64_lr3e-3_s0_403e149c,completed,cpu,0,2,572.08,0.0,0.0,8192000,990.5,fp32
state_mamba2_a0of4_block_end_d64_L64_lr3e-2_s0_cb38db37,completed,cpu,0,2,564.99,0.0,0.0,8192000,999.8,fp32
state_mamba2_a0of4_block_end_d64_L64_lr1e-2_s0_78f5f9e9,completed,cpu,0,2,607.12,0.0,0.0,8192000,983.6,fp32
state_gdn_a0of4_block_end_d64_L64_lr1e-3_s0_6aa17b64,completed,cpu,0,2,594.0,0.0,0.0,8192000,999.8,fp32
state_gdn_a0of4_block_end_d64_L64_lr3e-3_s0_ba2ccc9c,completed,cpu,0,2,597.92,0.0,0.0,8192000,983.6,fp32
state_gdn_a0of4_block_end_d64_L64_lr3e-2_s0_0f42f92b,completed,cpu,0,2,624.31,0.0,0.0,8192000,983.6,fp32
state_gdn_a0of4_block_end_d64_L64_lr1e-2_s0_fdcaf1b9,completed,cpu,0,2,665.79,0.0,0.0,8192000,999.8,fp32
state_gdn_neg_a0of4_block_end_d64_L64_lr1e-3_s0_44c9357c,completed,cpu,0,2,588.85,0.0,0.0,8192000,983.6,fp32
state_gdn_neg_a0of4_block_end_d64_L64_lr3e-3_s0_220cb445,completed,cpu,0,2,582.36,0.0,0.0,8192000,999.8,fp32
state_gdn_neg_a0of4_block_end_d64_L64_lr1e-2_s0_f942c8fb,completed,cpu,0,2,645.78,0.0,0.0,8192000,983.6,fp32
state_gdn_neg_a0of4_block_end_d64_L64_lr3e-2_s0_1a4f50cc,completed,cpu,0,2,619.75,0.0,0.0,8192000,999.8,fp32
state_mamba2_a0of4_block_end_d64_L64_lr3e-4_s0_7c37da13,completed,cpu,0,2,558.52,0.0,0.0,8192000,982.7,fp32
state_mamba2_a0of4_block_end_d64_L64_lr1e-4_s0_8470e9dc,completed,cpu,0,2,564.1,0.0,0.0,8192000,986.7,fp32
state_mamba2_a2of4_block_end_d64_L64_lr1e-4_s0_20dc4997,completed,cpu,0,2,395.23,0.0,0.0,8192000,982.7,fp32
state_mamba2_a2of4_block_end_d64_L64_lr3e-4_s0_929f870a,completed,cpu,0,2,399.57,0.0,0.0,8192000,986.7,fp32
state_attn_a4of4_block_end_d64_L64_lr1e-4_s0_097ff22d,completed,cpu,0,2,239.34,0.0,0.0,8192000,982.7,fp32
state_attn_a4of4_block_end_d64_L64_lr3e-4_s0_3f1e2994,completed,cpu,0,2,238.93,0.0,0.0,8192000,986.7,fp32
state_attn_a4of4_block_end_d64_L64_lr1e-3_s0_775e62c0,completed,cpu,0,2,941.45,0.0,0.0,32768000,807.5,fp32
state_mamba2_a2of4_block_end_d64_L64_lr1e-3_s0_beed0dd8,completed,cpu,0,2,1611.21,0.0,0.0,32768000,928.7,fp32
