device,threads,family,n_attn,n_layers,d_model,seq_len,batch,params,step_seconds,tokens_per_second
cpu,4,mamba2,0,8,128,256,32,1397872,1.1347,7219
cpu,4,mamba2,0,8,128,512,32,1397872,1.8801,8714
cpu,4,mamba2,4,8,128,256,32,1388152,0.7546,10856
cpu,4,mamba2,4,8,128,512,32,1388152,1.5125,10832
cpu,4,mamba2,8,8,128,256,32,1378432,0.5106,16044
cpu,4,mamba2,8,8,128,512,32,1378432,1.2531,13075
cpu,4,gdn,0,8,128,256,32,1397184,1.2844,6378
cpu,4,gdn,0,8,128,512,32,1397184,2.6182,6258
cpu,4,gdn,4,8,128,256,32,1387808,0.8693,9423
cpu,4,gdn,4,8,128,512,32,1387808,1.9185,8540
cpu,4,gdn,8,8,128,256,32,1378432,0.6531,12544
cpu,4,gdn,8,8,128,512,32,1378432,1.4246,11501
